method,soh_bin,n_events,n_cars,rmse,bias,u3_95_coverage,u3_95_mean_width,u3_95_median_width,u3_90_coverage,u3_90_mean_width,u3_90_median_width,u3m_95_coverage,u3m_95_mean_width,u3m_95_median_width,u3m_90_coverage,u3m_90_mean_width,u3m_90_median_width
delta_ensemble,0.920–0.925,44,16,0.016519436690180675,0.011089335620331486,0.8863636363636364,0.04834846751090531,0.04517808001295315,0.75,0.03864223884750397,0.03614754748238247,0.8636363636363636,0.05292066347695879,0.049058830224595285,0.7954545454545454,0.04137871093145362,0.038094909464595095
delta_ensemble,0.925–0.930,94,26,0.015447693018949,0.010700317625703854,0.8723404255319149,0.04346654772029713,0.04188711601817757,0.7872340425531915,0.034715924148796096,0.033712800229750484,0.8936170212765957,0.04618375950725433,0.04428407110819027,0.8191489361702128,0.03720849581218146,0.03557909046407631
delta_ensemble,0.930–0.935,118,28,0.013053619526849695,0.006243308567362079,0.8983050847457628,0.04181690190057999,0.03999643901202349,0.847457627118644,0.03336905083542939,0.03169224141188093,0.9152542372881356,0.04421427621949454,0.04440978712986726,0.8559322033898306,0.035632658216241064,0.03433155363804041
delta_ensemble,0.935–0.940,147,36,0.010894176463342259,0.004576924036405875,0.9591836734693877,0.04513872975214913,0.042767685585080595,0.9183673469387755,0.035982667804343914,0.03421896072066477,0.9591836734693877,0.04884674759971282,0.049157520785652165,0.9319727891156463,0.03942982483438456,0.03705112086845441
delta_ensemble,0.940–0.945,228,46,0.012103148049196925,0.003950530633713747,0.9254385964912281,0.03971465693673038,0.03955071270126004,0.8552631578947368,0.031735878378555654,0.03152646360419559,0.9210526315789473,0.0422015094652208,0.04145421960811935,0.8508771929824561,0.03400042448954847,0.03318230797708843
delta_ensemble,0.945–0.950,257,52,0.011229116840167992,0.002596201120091098,0.9182879377431906,0.03946704394156286,0.03855389141891563,0.867704280155642,0.031520176492671775,0.030651023466292004,0.9066147859922179,0.04175594623396372,0.04044847110326544,0.867704280155642,0.03382971425891678,0.03282779799687918
delta_ensemble,0.950–0.955,332,56,0.011439099860040767,0.003203753922796198,0.9036144578313253,0.039745668187412674,0.03950840881551171,0.8524096385542169,0.031740024265667355,0.03132242030909571,0.9096385542168675,0.04104427353932686,0.04023694579824405,0.8463855421686747,0.03341127699756863,0.03277252662559377
delta_ensemble,0.955–0.960,410,63,0.011381769516793108,0.004199600828912301,0.8731707317073171,0.03790087951926323,0.037372501554229,0.8073170731707318,0.03025229967368277,0.0297552579187223,0.875609756097561,0.038603457864959397,0.03784620057160498,0.8121951219512196,0.03127512577170479,0.030279975070184206
delta_ensemble,0.960–0.965,547,72,0.010243128768414466,0.0028124128240941257,0.886654478976234,0.035593539954176225,0.03491696777251463,0.8171846435100548,0.028417181127364605,0.02796973801425362,0.8921389396709324,0.03589289781963329,0.034804932355635865,0.8354661791590493,0.028854220258285906,0.027952793745387283
delta_ensemble,0.965–0.970,671,75,0.009241996692374917,0.002657110487122767,0.8986587183308494,0.03343071701797467,0.0326873501177144,0.8390461997019374,0.026688465324583827,0.02601426396647244,0.9031296572280179,0.033617887013470335,0.03267286111421619,0.8450074515648286,0.026900182554163238,0.025831663046885556
delta_ensemble,0.970–0.975,913,74,0.008007684079805543,0.001587829336214165,0.9441401971522454,0.031144979315344008,0.029785359967478775,0.8893756845564075,0.024866626553044387,0.023945670095044558,0.9463307776560789,0.031135440749653853,0.02959301113112678,0.8882803943044907,0.024864840725860655,0.023517725958847935
delta_ensemble,0.975–0.980,1101,76,0.007031228174607532,0.0005895462068058455,0.963669391462307,0.02945134770694185,0.027346129597061397,0.9291553133514986,0.023522736528686226,0.02181320795831232,0.9645776566757494,0.029348128393725876,0.02717033862109286,0.9291553133514986,0.023403340089508475,0.021588222080188846
delta_ensemble,0.980–0.985,1446,77,0.005705930688288494,-0.0007391516777087732,0.9910096818810512,0.02714866962293806,0.025433365220064008,0.9716459197786999,0.02167475249510691,0.02023449565565949,0.9910096818810512,0.02696303282481021,0.025218760265606766,0.9688796680497925,0.0214837041693502,0.019974357180420677
delta_ensemble,0.985–0.990,1755,80,0.005967147579298297,-0.0028010640250314025,0.9914529914529915,0.025558548884240966,0.023530628949010035,0.9737891737891737,0.020399250386392787,0.01875472499410924,0.9908831908831909,0.025370485803608907,0.023289756041856235,0.9737891737891737,0.020184042963826712,0.018489665046813153
delta_ensemble,0.990–0.995,1844,80,0.006616057326263625,-0.004536441733139405,0.9891540130151844,0.024082910271998537,0.022647900186668957,0.9631236442516269,0.01922157904006722,0.018127965612331987,0.9891540130151844,0.023879812490152943,0.02238496160134973,0.9587852494577006,0.018981221381576742,0.017847973666696992
delta_ensemble,0.995–1.000,1362,78,0.008837726479366427,-0.006916455081787027,0.9581497797356828,0.024114016499769547,0.02237833437845016,0.8619676945668135,0.019255989306254623,0.017821813295486377,0.9574155653450808,0.023950771457100027,0.022137942088438056,0.8516886930983847,0.019041864166304687,0.017535697701996034
delta_ensemble,1.000–1.005,296,76,0.014427312609597658,-0.01218071799836392,0.7162162162162162,0.028097911710194802,0.026537332974957528,0.4594594594594595,0.022425847011075827,0.021160950974642156,0.6959459459459459,0.0279559570883581,0.02627934963440326,0.44932432432432434,0.02223367231432681,0.02081550835261542
global,0.920–0.925,44,16,0.02118141019583492,0.018658415760953808,0.6818181818181818,0.04283452742682206,0.039956060925504244,0.5,0.034451623481569105,0.031536930530705276,0.7272727272727273,0.049545456666671234,0.04440812153607859,0.6136363636363636,0.03872064669629645,0.03616824598095453
global,0.925–0.930,94,26,0.02007221814366697,0.017122764650909054,0.723404255319149,0.03885669931113557,0.038421588907481596,0.5531914893617021,0.0312892233015071,0.030966799556028712,0.7659574468085106,0.0448798893289648,0.044138236610887005,0.648936170212766,0.03480496717605424,0.0333035854469772
global,0.930–0.935,118,28,0.01649334344537491,0.012644146263306734,0.8220338983050848,0.037536580840705845,0.03605878118532946,0.7033898305084746,0.03017457918907921,0.028864277344012756,0.8559322033898306,0.04373209389618203,0.04216826882159924,0.788135593220339,0.03348208793997826,0.03135442643657871
global,0.935–0.940,147,36,0.014872177404083963,0.011487661717744234,0.8979591836734694,0.03961698819674096,0.038831831371071934,0.7687074829931972,0.031790052724122386,0.030825298663005984,0.9183673469387755,0.04558939489243743,0.04447756652389334,0.8503401360544217,0.036095683771194285,0.03556562899170046
global,0.940–0.945,228,46,0.013977084368504752,0.008951616928170581,0.8640350877192983,0.03534509080066227,0.0351212132114751,0.7982456140350878,0.028428527970985818,0.028207260329975614,0.8771929824561403,0.04015420330235145,0.03918705707259812,0.8245614035087719,0.031529131863756304,0.030575072121895697
global,0.945–0.950,257,52,0.012443826420937462,0.007314705337673917,0.8793774319066148,0.03479663301491217,0.034020169969023795,0.8326848249027238,0.027981777161533536,0.026958262252889442,0.8871595330739299,0.03903903158655131,0.03803890824846645,0.8404669260700389,0.030833843899857712,0.029904661664395427
global,0.950–0.955,332,56,0.011843142141784925,0.006523528875991451,0.8885542168674698,0.036159080744125625,0.03586676729475974,0.8313253012048193,0.02907951537388817,0.028994372296349047,0.8885542168674698,0.03846712888594179,0.038817425580480514,0.8313253012048193,0.030993143673038234,0.03082121746633698
global,0.955–0.960,410,63,0.011423847364895585,0.006642841233225675,0.8780487804878049,0.03517806760850429,0.03489442313628144,0.7951219512195122,0.028281899690334684,0.028166284633399152,0.8780487804878049,0.03633461117893935,0.03623081704257719,0.7902439024390244,0.029245454686881094,0.02891556356104702
global,0.960–0.965,547,72,0.009899640393039135,0.004612288661369629,0.903107861060329,0.03355515972762897,0.03379679126884283,0.8336380255941499,0.02697255257602347,0.027084538870757457,0.8994515539305301,0.03408416956294769,0.03396433332083948,0.8391224862888482,0.027376748634287226,0.02696419228734559
global,0.965–0.970,671,75,0.00879645895223289,0.004023681623552376,0.9061102831594635,0.03177728989264053,0.031937245854616436,0.8390461997019374,0.025539974335426513,0.025754228721383998,0.9090909090909091,0.03201119972501517,0.031682787207567564,0.8450074515648286,0.025608632645762453,0.025354037117293005
global,0.970–0.975,913,74,0.007354389584294769,0.002598817687088155,0.9441401971522454,0.029996730863623824,0.0295689751506526,0.9003285870755751,0.02411550673540744,0.023928574328761942,0.9463307776560789,0.02999030178174583,0.029187283743907555,0.895947426067908,0.023942515148564374,0.023280396217254196
global,0.975–0.980,1101,76,0.0062611446256309955,0.0013863563177742718,0.9654859218891917,0.02861701656918701,0.027151611338695925,0.9382379654859219,0.023010642618811153,0.021750153684398255,0.9663941871026339,0.028476001430185152,0.026779580134791203,0.9391462306993642,0.02271598552614185,0.02130106716005309
global,0.980–0.985,1446,77,0.00487883462687342,-0.00016208479534701985,0.991701244813278,0.02670229800845694,0.025586507373619893,0.9764868603042877,0.021463655314828547,0.020452660146372537,0.9923928077455049,0.02646042112316764,0.025276809862942284,0.9737206085753803,0.021106866759564948,0.020020065942165766
global,0.985–0.990,1755,80,0.005159026650748351,-0.0023319505938642964,0.9914529914529915,0.025227813228561415,0.023718088799651205,0.978917378917379,0.02027449276348377,0.019107468843113207,0.9903133903133903,0.024961638896610225,0.023474124788201767,0.9777777777777777,0.019897675245817183,0.018755060972115767
global,0.990–0.995,1844,80,0.006062520178016311,-0.0041985762667968215,0.9902386117136659,0.023934290924351495,0.02289397588237141,0.9712581344902386,0.01923652141386539,0.0184099632405611,0.9902386117136659,0.02364535989200453,0.022569078481346372,0.9658351409978309,0.018836974510201603,0.018044132769252708
global,0.995–1.000,1362,78,0.00828829930499357,-0.006612604020539104,0.9662261380323054,0.024169214074087605,0.022771449270177824,0.8920704845814978,0.019438910461862524,0.018302142816465916,0.9640234948604993,0.023922385497640537,0.022436697454434607,0.8788546255506607,0.019062166426546772,0.017894549498556067
global,1.000–1.005,296,76,0.013527978391710218,-0.011640537856139482,0.7364864864864865,0.02779776952385277,0.02650760360697141,0.5135135135135135,0.022326653290490005,0.021363645402470988,0.7263513513513513,0.027604717516886635,0.02610181442597065,0.49324324324324326,0.021990919593645315,0.020774907429855827
