method,scope,rmse_with_mileage,rmse_without_mileage,mae_with_mileage,mae_without_mileage,bias_with_mileage,bias_without_mileage,delta_rmse_without_minus_with,relative_rmse_change_pct
delta_no_clean,all,0.009184867808553224,0.01139036062267555,0.006394566706410345,0.008413368194051443,-0.0016997746475558018,-0.0024194808343908176,0.0022054928141223267,24.01224339961111
delta_no_clean,soh_le_094,0.01694574642380303,0.020516657949531367,0.011852222135540515,0.016024118856661124,0.009765421231754187,0.014405756167439096,0.003570911525728339,21.072612775040813
delta_plain_clean,all,0.00805213516354119,0.01050611979534954,0.005711914300521394,0.007797542021211784,-0.0011998293984082304,-0.0019475269687191867,0.0024539846318083498,30.47619770368
delta_plain_clean,soh_le_094,0.012654461715527756,0.01831815140244334,0.00903899098013204,0.014200097174634241,0.006580687732208398,0.012291325992848634,0.005663689686915585,44.75646467021122
delta_smoter_clean,all,0.008077942314090751,0.01051399974895454,0.005730788402588211,0.007806911782483899,-0.0012492794248089416,-0.001977299872070772,0.0024360574348637892,30.15690556015057
delta_smoter_clean,soh_le_094,0.012575232200735465,0.018186315587091443,0.008949984782813631,0.014030054888987816,0.005932564818905869,0.011858817596901208,0.005611083386355978,44.620117519800644
expert_plain_clean,all,0.008236896267742915,0.010711241464659876,0.005852816890963147,0.00797139314018583,-0.0013318932752750332,-0.002132276891730396,0.0024743451969169612,30.039776106042723
expert_plain_clean,soh_le_094,0.012685023900668084,0.018444690266681066,0.00943423099746806,0.014866845304797873,0.008925845722304208,0.014560834909701538,0.005759666366012982,45.405246463190636
expert_smoter_clean,all,0.008272134472322563,0.010755805812967737,0.005875575926165827,0.008000959074663107,-0.0014112057771598662,-0.002234884956089821,0.0024836713406451733,30.024552296087542
expert_smoter_clean,soh_le_094,0.01235229702880305,0.018114512987170324,0.008961445562697514,0.014427997425347772,0.008239233716520517,0.014077843966942014,0.005762215958367274,46.648942661684345
global_clean,all,0.007983071714336529,0.010340257844777248,0.005628133536666086,0.007596102264847983,-7.98229276521976e-05,-0.00010099761911813806,0.0023571861304407197,29.527307467469303
global_clean,soh_le_094,0.016655268836548585,0.023967194056799965,0.01350255529365674,0.020939893119002767,0.013189172905986084,0.02080177195142895,0.00731192522025138,43.90157428264367
global_no_clean,all,0.008992397436882637,0.011090174282455355,0.006188520943742895,0.008099697535306281,-0.00011530885577587635,-0.00014976910968111546,0.0020977768455727186,23.3283377463791
global_no_clean,soh_le_094,0.020855833188068988,0.026142895136073274,0.016790260260747644,0.022999721232095344,0.016565790759203357,0.022879590994054934,0.005287061948004285,25.350518966697813
smoter_clean,all,0.008191470744351515,0.010774688810691116,0.0058345053044795096,0.008033006042965809,-0.0006636809614069058,-0.0014080711637498766,0.0025832180663396005,31.535461054058896
smoter_clean,soh_le_094,0.014898641400702064,0.021219819884785798,0.01138713139205965,0.01803448391973766,0.010799507150937991,0.017805553131635454,0.006321178484083733,42.427885295540186
weighted_clean,all,0.00807585714127215,0.010496494178382254,0.005714348743796578,0.007733591517632835,-5.544253585551258e-05,-5.202071623547533e-05,0.002420637037110103,29.973747612984543
weighted_clean,soh_le_094,0.016722299351564655,0.024309007201463364,0.013591174490794125,0.021275783158091668,0.013278838620911554,0.02114186925512618,0.0075867078498987085,45.368807784133125
