variant,method,scope,nominal,n_events,coverage,mean_width,median_width,rmse,mae,bias
with_mileage,delta_ensemble,all,0.9,11565,0.9009079118028535,0.023344033705424764,0.02182594797734083,0.008422016628098453,0.005992291103470827,-0.0012709717165963177
with_mileage,delta_ensemble,all,0.95,11565,0.9509727626459143,0.02923996853705362,0.027333474195799456,0.008422016628098453,0.005992291103470827,-0.0012709717165963177
with_mileage,delta_ensemble,soh_le_094,0.9,403,0.8486352357320099,0.03521229663795591,0.033801890827447,0.013365619219927174,0.00965207632592813,0.0072041659265785025
with_mileage,delta_ensemble,soh_le_094,0.95,403,0.913151364764268,0.04412649070476954,0.042403067326828636,0.013365619219927174,0.00965207632592813,0.0072041659265785025
with_mileage,global,all,0.9,11565,0.9018590575010809,0.022657336023313,0.021696002165684014,0.008324096905764819,0.005902896785264262,-8.454363823708901e-05
with_mileage,global,all,0.95,11565,0.9482057933419801,0.02818494267350067,0.027009265378601155,0.008324096905764819,0.005902896785264262,-8.454363823708901e-05
with_mileage,global,soh_le_094,0.9,403,0.6699751861042184,0.031490810219077035,0.030369838387212633,0.017415233432774326,0.014223719183391355,0.01392358735048639
with_mileage,global,soh_le_094,0.95,403,0.8114143920595533,0.03918179341476707,0.03772557931679554,0.017415233432774326,0.014223719183391355,0.01392358735048639
without_mileage,delta_ensemble,all,0.9,11565,0.9063553826199741,0.03168754678160746,0.029596131488457966,0.010841140080395209,0.008075514133189294,-0.0019929660802660656
without_mileage,delta_ensemble,all,0.95,11565,0.9509727626459143,0.03839559570499897,0.03591762529940179,0.010841140080395209,0.008075514133189294,-0.0019929660802660656
without_mileage,delta_ensemble,soh_le_094,0.9,403,0.8114143920595533,0.04855575568904775,0.04912998489444087,0.01910631103092151,0.015023142552406511,0.012958418375993416
without_mileage,delta_ensemble,soh_le_094,0.95,403,0.8833746898263027,0.058848902004406,0.05968440627967042,0.01910631103092151,0.015023142552406511,0.012958418375993416
without_mileage,global,all,0.9,11565,0.900043233895374,0.03005766037414943,0.02887286581192905,0.010631832084162006,0.007848565553711903,-8.771587824703401e-05
without_mileage,global,all,0.95,11565,0.9506268914829226,0.037474371426354576,0.03598734193244535,0.010631832084162006,0.007848565553711903,-8.771587824703401e-05
without_mileage,global,soh_le_094,0.9,403,0.5806451612903226,0.0433133447340514,0.04398010858156598,0.02459134754698523,0.02157837022248933,0.021463146748852094
without_mileage,global,soh_le_094,0.95,403,0.749379652605459,0.053995488941656816,0.05488072289499302,0.02459134754698523,0.02157837022248933,0.021463146748852094
